date,symbol,close,y_prob,target,future_return,vol_regime,trend_regime,regime_score
2025-03-27 03:45:00,HINDUNILVR,2232.95,0.49423394,1,0.00228405,1,0,0.2138298
2025-03-27 09:05:00,TECHM,1393.7,0.4729945,0,-0.0030135512,0,2,0.8276596
2025-03-27 09:05:00,UPL,654.8,0.4578564,0,-0.001832664,0,2,0.8276596
2025-03-27 09:05:00,JSWSTEEL,1064.0,0.4729945,0,-0.001033783,0,2,0.8276596
2025-03-27 09:05:00,LT,3511.95,0.4729945,1,0.0016230345,1,2,0.6776596
2025-03-27 09:15:00,UPL,652.4,0.48881614,1,0.005288124,1,1,0.45851064
2025-03-27 09:15:00,MARUTI,11698.2,0.4729945,1,0.0022653341,0,0,0.40851063
2025-03-27 09:20:00,BRITANNIA,4852.1,0.48881614,0,-0.0031223297,2,0,0.11489362
2025-03-27 09:25:00,POWERGRID,293.8,0.49423394,1,0.0044248104,1,0,0.26489362
2025-03-27 09:30:00,ICICIBANK,1336.05,0.49423394,0,-0.00041168928,1,0,0.2776596
2025-03-28 07:00:00,COALINDIA,384.35,0.5045181,1,0.0020813942,1,0,0.19468085
2025-03-28 07:20:00,M&M,2663.25,0.4729945,0,-0.0015019178,0,2,0.706383
2025-03-28 09:35:00,INDUSINDBK,649.25,0.48881614,1,0.001155138,0,2,0.8595745
2025-03-28 09:35:00,BAJAJ-AUTO,7696.5,0.4729945,0,-0.0046125054,0,2,0.8595745
2025-03-28 09:35:00,HEROMOTOCO,3724.35,0.5327511,0,-0.0015170574,1,0,0.30957448
2025-03-28 09:35:00,POWERGRID,290.1,0.48881614,1,0.0015511513,0,1,0.6595745
2025-03-28 09:40:00,JSWSTEEL,1063.4,0.4729945,0,-0.00047016144,0,2,0.8148936
2025-04-01 03:45:00,HINDALCO,677.25,0.48881614,1,0.0067921877,2,0,0.019148936
2025-04-01 06:55:00,KOTAKBANK,428.6,0.4729945,0,-0.0009332299,1,2,0.6521277
2025-04-01 07:05:00,ONGC,238.2,0.4578564,0,-0.0014693141,1,2,0.70957446
2025-04-01 07:10:00,HINDALCO,666.45,0.49423394,0,-0.0028509498,0,1,0.6787234
2025-04-01 07:15:00,ITC,398.95,0.4729945,0,-0.0015039444,1,1,0.5159575
2025-04-01 09:00:00,BRITANNIA,4903.2,0.45294726,0,-0.00046914816,0,1,0.5893617
2025-04-01 09:45:00,POWERGRID,289.3,0.4578564,0,-0.01002419,0,2,0.86595744
2025-04-03 07:30:00,LT,3443.35,0.4578564,0,-0.00039207935,1,0,0.26489362
2025-04-03 07:35:00,ONGC,231.9,0.48881614,1,0.0008624792,1,0,0.26489362
2025-04-03 08:50:00,APOLLOHOSP,6708.0,0.4578564,0,-0.00032049417,1,0,0.25851065
2025-04-03 08:55:00,MARUTI,11683.35,0.4729945,1,0.001275301,2,1,0.2829787
2025-04-03 09:00:00,HINDALCO,653.55,0.4729945,0,-0.0015301108,0,0,0.37659574
2025-04-03 09:10:00,TATASTEEL,150.1,0.4729945,1,0.00026643276,1,0,0.22659574
2025-04-03 09:40:00,ADANIENT,2336.9,0.4729945,1,0.0014549494,2,1,0.30212766
2025-04-04 07:50:00,ULTRACEMCO,11464.55,0.4578564,0,-0.00036638975,0,2,0.80212766
2025-04-04 07:55:00,ITC,401.1,0.4729945,0,-0.00062328577,0,2,0.80851066
2025-04-04 08:05:00,ADANIENT,2254.1,0.48881614,1,0.0012420416,1,0,0.23297873
2025-04-04 08:30:00,HINDALCO,602.1,0.48881614,1,0.0023251772,1,0,0.16914894
2025-04-04 08:35:00,ADANIPORTS,1147.0,0.48881614,1,0.0011769533,1,0,0.17553191
2025-04-04 09:40:00,ASIANPAINT,2356.0,0.5045181,0,-0.00084888935,1,2,0.6648936
2025-04-04 09:50:00,HINDUNILVR,2244.2,0.4729945,0,-0.009401977,0,2,0.8787234
2025-04-08 05:45:00,HCLTECH,1390.1,0.48881614,0,-0.0057908893,1,2,0.74148935
2025-04-08 05:50:00,HINDUNILVR,2273.2,0.4578564,1,0.0025734901,1,2,0.6904255
2025-04-08 08:10:00,APOLLOHOSP,6770.0,0.49423394,1,0.0004210472,0,0,0.3893617
2025-04-08 08:20:00,SBIN,765.85,0.5327511,1,0.0042436123,1,0,0.18829787
2025-04-08 08:25:00,HINDUNILVR,2296.45,0.48881614,1,0.0015459061,2,0,0.025531916
2025-04-08 08:35:00,SBILIFE,1468.55,0.48881614,1,0.0076265335,1,2,0.5819149
2025-04-08 08:35:00,APOLLOHOSP,6774.25,0.4729945,1,0.0014983416,1,0,0.1819149
2025-04-08 09:55:00,HINDALCO,568.95,0.4578564,0,-0.024518847,0,2,0.7829787
2025-04-11 03:45:00,INDUSINDBK,676.9,0.5045181,1,0.0055400133,1,0,0.28404257
2025-04-11 08:15:00,MARUTI,11619.2,0.48881614,0,-0.0022032857,1,0,0.19468085
2025-04-11 08:20:00,UPL,638.85,0.44609407,0,-0.0028175712,2,0,0.038297873
2025-04-11 08:25:00,HCLTECH,1392.5,0.4729945,0,-0.0017953515,1,0,0.18829787
2025-04-11 08:30:00,INFY,1399.45,0.45294726,0,-0.00010710955,1,0,0.19468085
2025-04-11 08:35:00,KOTAKBANK,422.4,0.4578564,1,0.0004734993,0,0,0.30638298
2025-04-11 08:40:00,HCLTECH,1390.0,0.4578564,0,-0.0013669133,1,0,0.15638298
2025-04-15 09:45:00,LT,3255.2,0.5045181,0,-0.003502071,0,2,0.8531915
2025-04-15 09:45:00,ASIANPAINT,2415.8,0.4729945,1,0.0012004375,0,2,0.8531915
2025-04-15 09:45:00,AXISBANK,1113.1,0.4729945,1,0.000359416,0,2,0.8531915
2025-04-15 09:40:00,ICICIBANK,1349.5,0.48881614,1,0.00044453144,0,2,0.83404255
2025-04-15 09:35:00,SBIN,762.95,0.5327511,1,0.00065529346,1,0,0.23297873
2025-04-16 08:50:00,HCLTECH,1425.7,0.45294726,1,0.0005611181,0,2,0.96170217
2025-04-16 08:10:00,APOLLOHOSP,7013.0,0.4578564,1,0.002138853,0,2,0.7319149
2025-04-16 07:50:00,GRASIM,2696.1,0.5327511,0,0.00011122227,1,0,0.20744681
2025-04-16 08:00:00,HINDALCO,602.5,0.5045181,1,0.0010788441,1,0,0.18829787
2025-04-16 08:05:00,ICICIBANK,1347.0,0.49423394,0,0.0,1,2,0.58829784
2025-04-17 07:35:00,ITC,416.3,0.44609407,0,0.0,0,2,0.9297872
2025-04-17 09:15:00,HEROMOTOCO,3780.0,0.44609407,0,-0.0023015738,0,2,0.8787234
2025-04-17 07:35:00,HINDALCO,611.65,0.44609407,0,-0.00073575974,0,2,0.9297872
2025-04-17 07:25:00,SUNPHARMA,1732.6,0.44609407,1,0.0021932125,0,2,0.9297872
2025-04-17 09:15:00,TITAN,3325.3,0.45294726,1,0.0015938282,0,2,0.8787234
2025-04-21 09:50:00,ICICIBANK,1408.7,0.49423394,0,-0.0055369735,0,2,0.79574466
2025-04-21 08:30:00,UPL,665.1,0.48881614,1,0.0026311874,0,2,0.80851066
2025-04-21 08:20:00,UPL,665.95,0.4729945,0,-0.00037539005,0,2,0.7829787
2025-04-21 09:40:00,DIVISLAB,5880.0,0.4729945,1,0.0045918226,0,2,0.7893617
2025-04-21 09:35:00,HINDUNILVR,2350.1,0.5045181,1,0.00017011166,1,0,0.22659574
2025-04-22 09:45:00,DRREDDY,1174.6,0.48881614,1,0.0055338144,0,2,0.7574468
2025-04-22 09:45:00,M&M,2817.5,0.4578564,1,0.01905942,0,2,0.7574468
2025-04-22 09:45:00,TATASTEEL,134.86,0.5045181,1,0.007859945,1,0,0.20744681
2025-04-22 09:45:00,KOTAKBANK,452.8,0.5045181,0,0.0,1,0,0.20744681
2025-04-22 09:55:00,SBILIFE,1615.0,0.5045181,0,-0.0037151575,1,1,0.42659575
2025-04-23 09:45:00,ICICIBANK,1424.5,0.4729945,0,-0.0052649975,0,2,0.87234044
2025-04-23 09:45:00,COALINDIA,388.2,0.5327511,0,-0.0011592507,1,0,0.32234043
2025-04-23 09:40:00,RELIANCE,1299.9,0.4729945,0,-0.0022309422,0,2,0.8787234
2025-04-23 09:45:00,AXISBANK,1206.5,0.4729945,1,0.0047243834,1,0,0.32234043
2025-04-23 09:45:00,HINDUNILVR,2421.5,0.4729945,1,0.0016105175,1,0,0.32234043
2025-04-24 09:30:00,HINDALCO,628.65,0.4729945,1,0.0003976822,0,2,0.7382979
2025-04-24 03:45:00,ICICIBANK,1417.0,0.5045181,0,-0.0001410842,2,0,0.12765959
2025-04-25 04:45:00,ADANIENT,2298.5,0.44271818,0,-0.009223402,1,0,0.15
2025-04-28 09:55:00,UPL,677.4,0.48881614,1,0.013359904,0,2,0.8851064
2025-04-28 09:40:00,HINDALCO,628.5,0.4729945,1,0.0005568266,0,2,0.8276596
2025-04-29 09:30:00,NESTLEIND,1193.6,0.5327511,1,0.00067031384,0,0,0.3638298
2025-04-30 09:25:00,TECHM,1474.1,0.4729945,0,-0.0013567805,0,2,0.8468085
2025-04-30 09:30:00,INDUSINDBK,836.25,0.4729945,1,0.006577015,0,2,0.8851064
2025-05-02 03:45:00,CIPLA,1530.7,0.44609407,1,0.0050303936,2,0,0.044680852
2025-05-05 09:40:00,RELIANCE,1430.7,0.4729945,0,-0.0004892349,0,2,0.77021277
2025-05-05 09:00:00,BRITANNIA,5355.0,0.4578564,1,0.00018680096,0,2,0.80212766
2025-05-06 09:35:00,ICICIBANK,1431.2,0.4578564,0,-0.00020956993,0,2,0.8468085
2025-05-06 07:55:00,ITC,426.7,0.48881614,0,-0.0003516078,0,1,0.6085106
2025-05-07 03:45:00,SHREECEM,29460.0,0.4729945,0,-0.0016972423,0,2,0.7765958
2025-05-07 08:35:00,TCS,3451.8,0.4729945,0,-0.0017961264,0,2,0.80851066
2025-05-08 09:30:00,BAJAJ-AUTO,7546.0,0.48881614,0,-0.001192689,0,2,0.7319149
2025-05-08 09:35:00,BAJAJ-AUTO,7545.0,0.4729945,0,-0.0032472014,0,2,0.7382979
2025-05-09 07:55:00,INFY,1507.2,0.4578564,0,-0.00013267994,0,2,0.7574468
2025-05-09 07:55:00,ADANIENT,2167.2,0.4729945,1,0.0016149282,1,0,0.20744681
2025-05-12 09:50:00,NESTLEIND,1192.7,0.48881614,0,-0.008551955,0,2,0.9361702
2025-05-12 09:05:00,BAJFINANCE,901.5,0.48881614,1,0.0011092424,0,2,0.9361702
2025-05-13 09:00:00,HINDUNILVR,2358.9,0.4729945,0,0.0,0,2,0.7829787
2025-05-13 09:15:00,RELIANCE,1421.6,0.4729945,0,-0.0028137565,0,2,0.8212766
2025-05-14 09:35:00,M&M,3100.0,0.49423394,1,0.001580596,0,2,0.8978723
2025-05-14 09:55:00,EICHERMOT,5447.0,0.4729945,1,0.004773259,0,2,0.9361702
2025-05-15 08:00:00,LT,3599.8,0.4729945,1,0.008361578,0,2,0.98085105
2025-05-15 04:15:00,ADANIENT,2387.0,0.4578564,0,-0.00037699938,1,1,0.4138298
2025-05-16 09:45:00,TECHM,1588.5,0.5327511,0,-0.0057916045,1,1,0.54787236
2025-05-16 09:45:00,ITC,426.75,0.4578564,0,-0.0016403198,0,2,0.8978723
2025-05-19 09:55:00,HDFCBANK,969.0,0.48881614,0,-0.008255959,0,2,0.8212766
2025-05-19 09:55:00,ONGC,235.05,0.4729945,1,0.005956173,0,2,0.8212766
2025-05-20 09:40:00,ITC,426.0,0.48881614,0,-0.00093895197,0,2,0.71914893
2025-05-20 07:20:00,POWERGRID,300.0,0.5045181,0,-0.0020000339,0,0,0.3319149
2025-05-21 09:55:00,GRASIM,2706.0,0.4578564,0,-0.011419058,0,2,0.80851066
2025-05-21 07:30:00,BAJAJFINSV,2025.0,0.4578564,1,0.0011358261,0,2,0.7893617
2025-05-22 09:50:00,AXISBANK,1188.8,0.5045181,1,0.003196478,0,2,0.95531917
2025-05-22 07:35:00,ULTRACEMCO,11630.0,0.48881614,1,0.0004298687,0,2,0.71914893
2025-05-23 09:55:00,DRREDDY,1229.0,0.4729945,1,0.0075671673,0,2,0.8212766
2025-05-23 09:45:00,ONGC,232.95,0.4578564,1,0.008800149,0,2,0.7829787
2025-05-26 09:35:00,CIPLA,1485.3,0.5045181,0,-0.0017505288,1,0,0.25212768
2025-05-26 09:40:00,CIPLA,1483.8,0.5045181,0,-0.0008087754,1,0,0.2712766
2025-05-27 05:55:00,MARUTI,12458.0,0.4578564,0,-0.0013645887,0,2,0.98723406
2025-05-27 05:35:00,SUNPHARMA,1684.1,0.4578564,0,-0.0017219782,1,2,0.7925532
2025-05-28 09:35:00,SBIN,796.6,0.5045181,0,-0.0010669827,0,2,0.77021277
2025-05-28 09:50:00,ONGC,231.35,0.48881614,1,0.00043225288,0,2,0.7446809
2025-05-29 09:45:00,WIPRO,243.9,0.4729945,1,0.00020503998,0,2,0.9680851
2025-05-29 09:50:00,WIPRO,243.9,0.4729945,0,-0.003485024,0,2,0.98085105
2025-05-30 08:20:00,HCLTECH,1657.6,0.4578564,0,-0.0009652376,0,2,0.79574466
2025-05-30 08:45:00,TCS,3490.0,0.49423394,0,0.0,1,2,0.6585106
2025-06-02 09:50:00,BHARTIARTL,1852.3,0.48881614,0,-0.0065864325,0,2,0.8787234
2025-06-02 09:50:00,ITC,410.7,0.4729945,1,0.0021914244,0,2,0.8787234
2025-06-03 03:45:00,COALINDIA,387.7,0.5045181,0,-0.0034821033,1,0,0.25851065
2025-06-03 09:55:00,COALINDIA,381.95,0.5045181,0,-0.0028799772,0,0,0.3638298
2025-06-04 09:50:00,HINDUNILVR,2364.3,0.4729945,0,-0.0049063563,0,2,0.7765958
2025-06-04 09:00:00,RELIANCE,1419.7,0.4729945,1,0.0005635023,0,2,0.80851066
2025-06-05 04:15:00,SBIN,807.45,0.49423394,0,-0.0010527372,0,2,0.9170213
2025-06-05 07:05:00,CIPLA,1493.3,0.45294726,1,0.0010044575,0,2,0.94893616
2025-06-06 09:55:00,HDFCLIFE,755.0,0.48881614,0,-0.004370868,0,2,0.8914894
2025-06-06 09:00:00,EICHERMOT,5373.5,0.4729945,1,0.00046527386,0,2,0.9297872
2025-06-09 08:50:00,UPL,639.3,0.45294726,0,-0.00023460388,0,2,0.8212766
2025-06-09 08:50:00,DRREDDY,1321.4,0.4578564,0,7.56979e-05,0,2,0.8212766
2025-06-10 09:45:00,TITAN,3523.8,0.4729945,0,-0.0039162636,0,2,0.7765958
2025-06-10 09:15:00,SBIN,816.4,0.49423394,1,0.0008573532,1,0,0.2138298
2025-06-11 04:20:00,COALINDIA,395.7,0.4729945,1,0.0024007559,0,2,0.8212766
2025-06-11 08:20:00,LT,3682.0,0.49423394,1,0.0008419752,1,0,0.17553191
2025-06-11 07:20:00,NESTLEIND,1213.5,0.5327511,0,-0.0004120469,1,0,0.24574469
2025-06-11 07:10:00,HDFCLIFE,768.8,0.5045181,1,0.0016909838,0,0,0.41489363
2025-06-11 03:45:00,NESTLEIND,1214.1,0.48881614,1,0.002718091,1,1,0.4138298
2025-06-12 06:10:00,BHARTIARTL,1855.5,0.5045181,1,0.0017246008,1,0,0.20106383
2025-06-12 08:05:00,RELIANCE,1442.5,0.49423394,0,-0.0019410849,1,0,0.15
2025-06-12 08:00:00,ADANIENT,2486.2,0.4729945,0,-4.017353e-05,0,0,0.32553193
2025-06-12 08:35:00,ADANIENT,2471.9,0.48881614,1,0.0007686615,1,0,0.15
2025-06-12 07:45:00,EICHERMOT,5355.5,0.49423394,0,-0.001026988,1,2,0.6521277
2025-06-13 08:30:00,BAJAJ-AUTO,8229.0,0.4729945,0,-0.0014582276,0,2,0.90425533
2025-06-13 06:55:00,COALINDIA,379.8,0.5327511,0,-0.00013160706,0,0,0.49787235
2025-06-13 08:30:00,AXISBANK,1209.4,0.4578564,0,-0.00041341782,0,2,0.90425533
2025-06-13 07:00:00,SBIN,792.4,0.4578564,0,-0.00094646215,0,2,0.8787234
2025-06-13 09:50:00,TECHM,1628.1,0.4578564,1,0.0058350563,0,2,0.8914894
2025-06-16 09:45:00,COALINDIA,383.7,0.49423394,1,0.0018242598,0,2,0.83404255
2025-06-16 09:55:00,ADANIPORTS,1400.2,0.48881614,1,0.005356431,0,2,0.84042555
2025-06-16 09:50:00,HINDALCO,649.75,0.4578564,0,-0.0039245486,0,2,0.8531915
2025-06-16 09:50:00,COALINDIA,383.75,0.4578564,0,-0.0002605915,0,2,0.8531915
2025-06-16 09:50:00,NESTLEIND,1194.0,0.4578564,0,-0.0045226216,0,2,0.8531915
2025-06-17 09:35:00,ASIANPAINT,2266.4,0.4729945,0,-0.0017648935,0,2,0.7893617
2025-06-17 09:50:00,ADANIENT,2410.9,0.48881614,1,0.0008710623,1,0,0.2393617
2025-06-17 09:40:00,HDFCBANK,965.0,0.49423394,0,-0.0010362864,1,2,0.6712766
2025-06-17 09:40:00,APOLLOHOSP,7001.5,0.5045181,1,0.0024994612,1,0,0.2712766
2025-06-17 09:55:00,NTPC,334.5,0.48881614,0,-0.0023915768,1,1,0.4648936
2025-06-18 09:20:00,ASIANPAINT,2279.6,0.4729945,1,0.0007895231,0,2,0.8787234
2025-06-18 09:25:00,ASIANPAINT,2280.2,0.4578564,0,8.773804e-05,0,2,0.8787234
2025-06-18 09:00:00,TITAN,3428.6,0.4578564,1,0.0025957823,0,2,0.76382977
2025-06-18 03:45:00,BHARTIARTL,1848.9,0.45294726,1,0.006111741,2,0,0.102127664
2025-06-18 09:25:00,TECHM,1680.2,0.49423394,0,-0.00023800135,0,1,0.6787234
2025-06-19 09:35:00,NTPC,330.35,0.5045181,0,-0.0031784773,1,0,0.22021277
2025-06-19 09:45:00,KOTAKBANK,429.0,0.49423394,1,0.00023317337,1,0,0.24574469
2025-06-19 07:45:00,COALINDIA,374.35,0.5045181,0,-0.0012021065,1,0,0.2138298
2025-06-19 08:55:00,UPL,633.8,0.5045181,0,-0.001972258,1,2,0.7606383
2025-06-19 09:50:00,DIVISLAB,6488.0,0.4729945,0,-0.0013101101,1,0,0.19468085
2025-06-20 04:15:00,TCS,3429.1,0.4578564,0,-0.0039952993,0,2,0.8978723
2025-06-20 03:45:00,HEROMOTOCO,4296.0,0.4578564,1,0.0026071072,2,0,0.0
2025-06-20 09:50:00,ONGC,239.95,0.4578564,1,0.006251335,0,2,0.8978723
2025-06-20 09:30:00,WIPRO,259.9,0.49423394,0,-0.0013467073,1,2,0.6776596
2025-06-20 08:05:00,JSWSTEEL,1010.15,0.49423394,0,-0.001534462,1,1,0.57340425
2025-06-23 08:05:00,COALINDIA,381.1,0.4729945,1,0.0005247593,0,2,0.95531917
2025-06-23 08:45:00,AXISBANK,1216.8,0.4578564,0,-0.00090408325,0,2,0.8148936
2025-06-23 08:10:00,ADANIPORTS,1356.0,0.5045181,0,0.0,0,0,0.5425532
2025-06-23 08:50:00,BHARTIARTL,1935.3,0.49423394,1,0.00067174435,1,1,0.45851064
2025-06-23 08:55:00,JSWSTEEL,1000.0,0.48881614,0,-0.00059998035,0,0,0.40212765
2025-06-24 07:55:00,TITAN,3537.4,0.5327511,0,-0.006049633,1,0,0.15638298
2025-06-24 08:35:00,COALINDIA,381.25,0.5327511,1,0.00039339066,1,1,0.35638297
2025-06-25 09:55:00,HINDALCO,672.9,0.49423394,1,0.009288192,0,2,0.80851066
2025-06-25 08:45:00,KOTAKBANK,440.8,0.4729945,0,-0.0031760335,0,2,0.7574468
2025-06-26 09:50:00,APOLLOHOSP,7097.0,0.5327511,1,0.010638356,0,2,0.95531917
2025-06-26 09:45:00,HCLTECH,1723.5,0.49423394,1,0.006034255,0,2,0.9361702
2025-06-27 09:40:00,HDFCLIFE,802.95,0.4729945,1,0.0018681288,1,0,0.25851065
2025-06-27 09:25:00,WIPRO,258.1,0.49423394,1,0.0011622906,0,0,0.40212765
2025-06-30 09:55:00,ULTRACEMCO,12085.0,0.48881614,1,0.0033925772,0,2,0.90425533
2025-06-30 09:40:00,UPL,661.45,0.48881614,0,-0.0006803274,0,2,0.8787234
2025-07-01 03:45:00,COALINDIA,381.3,0.4729945,1,0.0051140785,0,2,0.87234044
2025-07-01 04:20:00,ITC,408.25,0.4729945,1,0.00036740303,0,2,0.8787234
2025-07-02 09:45:00,HCLTECH,1718.6,0.4729945,1,0.0036076307,0,2,0.9170213
2025-07-02 09:35:00,TITAN,3710.1,0.4729945,0,-0.0019946098,0,2,0.8978723
2025-07-03 03:45:00,UPL,672.45,0.4578564,1,0.011004448,0,2,0.8978723
2025-07-03 03:45:00,RELIANCE,1515.7,0.4578564,0,0.0,0,2,0.8978723
2025-07-04 09:30:00,ADANIPORTS,1424.6,0.4729945,0,-0.0014740825,0,2,0.96170217
2025-07-04 09:30:00,ICICIBANK,1441.9,0.45294726,0,6.937981e-05,0,2,0.96170217
2025-07-07 09:45:00,APOLLOHOSP,7614.0,0.4729945,0,-0.001576066,0,2,0.8787234
2025-07-07 09:40:00,HINDUNILVR,2411.0,0.4729945,0,-0.00095397234,0,2,0.8595745
2025-07-08 09:45:00,DIVISLAB,6939.5,0.48881614,1,0.005692005,0,2,0.9425532
2025-07-08 09:50:00,ADANIPORTS,1447.9,0.48881614,1,0.0014503002,0,2,0.9425532
2025-07-09 09:30:00,APOLLOHOSP,7477.0,0.5327511,0,-0.0017386675,0,0,0.34468085
2025-07-09 09:50:00,AXISBANK,1163.4,0.48881614,1,0.0058448315,1,0,0.26489362
2025-07-10 09:55:00,POWERGRID,298.95,0.48881614,1,0.005519271,0,2,0.7382979
2025-07-10 09:20:00,HEROMOTOCO,4326.6,0.5327511,0,-0.00013870001,1,0,0.25851065
2025-07-11 09:50:00,SHREECEM,31210.0,0.5045181,1,0.0012816191,0,2,0.77021277
2025-07-11 09:45:00,TECHM,1601.7,0.49423394,0,-0.012049675,0,2,0.80212766
2025-07-14 09:50:00,EICHERMOT,5538.5,0.4578564,1,0.007493019,0,2,0.8787234
2025-07-14 07:50:00,ASIANPAINT,2400.0,0.5045181,0,-0.002041638,0,0,0.37659574
2025-07-15 09:45:00,APOLLOHOSP,7363.0,0.48881614,0,-0.0006790757,0,2,0.87234044
2025-07-15 09:45:00,WIPRO,250.85,0.4729945,1,0.0079728365,0,2,0.87234044
2025-07-16 08:55:00,HINDALCO,665.5,0.5327511,1,0.0012772083,1,1,0.5031915
2025-07-16 09:50:00,EICHERMOT,5625.5,0.4729945,1,0.0075548887,0,2,0.7765958
2025-07-17 07:20:00,NTPC,343.35,0.5327511,0,-0.00072813034,1,1,0.48404256
2025-07-17 09:15:00,EICHERMOT,5646.5,0.5045181,0,0.0,1,0,0.1819149
2025-07-18 09:50:00,TECHM,1549.2,0.48881614,0,-0.009166002,0,2,0.79574466
2025-07-18 09:35:00,RELIANCE,1475.0,0.48881614,1,0.0029830933,0,2,0.80851066
2025-07-21 09:50:00,SBIN,824.2,0.48881614,1,0.0025478601,0,2,0.9680851
2025-07-21 09:50:00,TCS,3156.5,0.48881614,1,0.0017424822,0,2,0.9680851
2025-07-22 03:45:00,ITC,411.5,0.4729945,0,-0.002673149,0,2,0.9170213
2025-07-22 09:45:00,ASIANPAINT,2364.1,0.49423394,1,0.0016072989,1,0,0.22021277
2025-07-23 09:55:00,UPL,727.0,0.48881614,0,-0.003645122,0,2,0.8595745
2025-07-23 05:55:00,TITAN,3474.0,0.4729945,1,0.0008635521,0,2,0.8276596
2025-07-24 09:40:00,INDUSINDBK,848.55,0.4729945,0,-0.0007659793,0,2,0.7574468
2025-07-24 08:30:00,AXISBANK,1090.3,0.5045181,1,0.0016508102,1,0,0.26489362
2025-07-25 09:50:00,KOTAKBANK,424.9,0.4729945,0,-0.06354439,0,2,0.80851066
2025-07-29 09:10:00,APOLLOHOSP,7457.0,0.49423394,0,-0.00013411045,0,2,0.8148936
2025-07-29 09:30:00,DRREDDY,1298.1,0.49423394,1,0.0017718077,0,2,0.77021277
2025-07-29 09:30:00,BAJFINANCE,887.6,0.5327511,0,-0.001070261,1,0,0.22021277
2025-07-29 09:30:00,JSWSTEEL,1038.2,0.5327511,0,-0.0044307113,1,0,0.22021277
2025-07-29 08:45:00,BHARTIARTL,1920.4,0.5045181,1,0.00067687035,0,2,0.9106383
2025-07-30 09:30:00,CIPLA,1558.7,0.4729945,1,0.0007699728,0,2,0.8148936
2025-07-30 09:35:00,BAJAJ-AUTO,8045.0,0.4578564,0,-0.00055933,0,2,0.80851066
2025-07-30 09:40:00,ADANIENT,2455.7,0.48881614,0,-0.0023618937,1,0,0.25212768
2025-07-30 09:50:00,ADANIENT,2450.7,0.4578564,0,-0.0090177655,1,0,0.28404257
2025-07-31 09:15:00,BAJFINANCE,883.9,0.5045181,0,-0.0030546784,1,0,0.1819149
2025-07-31 09:35:00,TCS,3037.5,0.4729945,0,-0.0009546876,0,0,0.30638298
2025-07-31 09:40:00,SHREECEM,30790.0,0.48598132,0,-0.0042221546,0,0,0.30638298
2025-07-31 08:45:00,AXISBANK,1076.6,0.5045181,0,-0.0028794408,0,0,0.4276596
2025-08-01 09:50:00,SUNPHARMA,1630.0,0.48881614,1,0.0016564131,0,2,0.71276593
2025-08-01 09:25:00,LT,3599.2,0.5,0,-0.004223168,1,0,0.22021277
2025-08-01 09:40:00,TCS,3002.4,0.4729945,0,-0.00046628714,0,0,0.31914893
2025-08-01 09:50:00,HDFCLIFE,741.2,0.4729945,1,0.0061386824,2,0,0.012765958
2025-08-01 09:50:00,EICHERMOT,5520.0,0.48881614,1,0.011594176,0,0,0.31276596
2025-08-04 09:30:00,GRASIM,2782.2,0.4729945,1,0.0029114485,0,2,0.8276596
2025-08-04 09:30:00,ADANIPORTS,1384.8,0.5327511,1,0.004188299,1,2,0.6776596
2025-08-04 09:30:00,SUNPHARMA,1645.2,0.4729945,0,-0.0032214522,0,2,0.8276596
2025-08-04 09:35:00,JSWSTEEL,1054.7,0.4578564,1,0.0029393435,0,2,0.8212766
2025-08-04 09:30:00,BAJAJFINSV,1933.2,0.5045181,1,0.00077593327,1,0,0.2776596
2025-08-05 09:55:00,BAJAJ-AUTO,8221.0,0.4729945,0,-0.0019462109,0,2,0.95531917
2025-08-05 09:40:00,GRASIM,2799.0,0.4729945,0,-0.0022508502,0,2,0.90425533
2025-08-05 09:00:00,EICHERMOT,5673.0,0.4578564,0,-0.0005288124,0,2,0.7829787
2025-08-05 09:40:00,ITC,405.65,0.4729945,0,-0.00086283684,0,2,0.90425533
2025-08-05 09:40:00,HEROMOTOCO,4550.9,0.5045181,0,-0.0023950934,1,0,0.35425532
2025-08-06 07:15:00,DRREDDY,1195.5,0.4578564,1,0.0016729832,0,2,0.8531915
2025-08-06 09:40:00,BAJAJFINSV,1923.8,0.45294726,1,0.0011435747,0,2,0.79574466
2025-08-06 03:45:00,BAJFINANCE,889.35,0.5045181,0,-0.00039350986,1,1,0.56702125
2025-08-06 09:40:00,SUNPHARMA,1594.9,0.48881614,0,-0.0008777976,0,0,0.39574468
2025-08-06 09:40:00,AXISBANK,1071.1,0.4729945,0,-0.0020539165,1,0,0.24574469
2025-08-07 03:45:00,HDFCBANK,993.5,0.4729945,0,-0.0011071563,0,2,0.7893617
2025-08-07 03:45:00,JSWSTEEL,1053.4,0.4578564,0,-0.0027530193,0,2,0.7893617
2025-08-07 08:55:00,RELIANCE,1379.3,0.4578564,1,0.0034074783,0,2,0.94893616
2025-08-07 07:55:00,UPL,689.6,0.49423394,1,0.0057280064,1,0,0.19468085
2025-08-07 09:50:00,SHREECEM,30675.0,0.4578564,1,0.004889965,0,2,0.9680851
2025-08-08 09:45:00,HINDUNILVR,2498.3,0.4729945,0,-0.0016411543,0,2,0.7319149
2025-08-08 09:00:00,HCLTECH,1477.8,0.4729945,1,0.0004736185,0,2,0.7319149
2025-08-08 09:45:00,BAJAJ-AUTO,8225.5,0.4729945,1,0.0041942596,0,2,0.7319149
2025-08-08 09:50:00,UPL,688.1,0.4729945,0,-0.00552243,1,0,0.1819149
2025-08-08 08:20:00,HEROMOTOCO,4630.4,0.5045181,0,-0.0011661649,1,0,0.2776596
2025-08-11 09:30:00,SBILIFE,1850.8,0.4578564,0,-0.0005403161,0,2,0.9170213
2025-08-11 08:40:00,HDFCLIFE,764.25,0.4578564,1,0.0001963377,0,2,0.8914894
2025-08-11 09:30:00,INDUSINDBK,784.35,0.4578564,0,-0.0021036267,0,2,0.9170213
2025-08-11 09:30:00,TATASTEEL,158.44,0.4578564,0,-0.0012623072,0,2,0.9170213
2025-08-11 09:25:00,DRREDDY,1221.2,0.49423394,0,-0.0009825826,1,1,0.5606383
2025-08-12 09:50:00,BAJFINANCE,852.7,0.5327511,0,0.00011730194,1,0,0.17553191
2025-08-12 09:15:00,ADANIENT,2217.0,0.48881614,0,-0.0003157258,1,0,0.1819149
2025-08-12 09:25:00,NTPC,340.0,0.5045181,1,0.0010293722,1,0,0.17553191
2025-08-12 09:20:00,TECHM,1508.0,0.5045181,1,0.0013926029,1,0,0.16914894
2025-08-12 09:40:00,ADANIENT,2216.2,0.4729945,1,0.0037451982,1,0,0.18829787
2025-08-13 09:55:00,CIPLA,1560.0,0.48881614,1,0.008589745,0,2,0.7510638
2025-08-13 09:45:00,SBIN,820.8,0.5045181,0,0.0,1,0,0.20106383
2025-08-13 09:50:00,TATASTEEL,159.95,0.5045181,0,-0.011441112,1,0,0.20744681
2025-08-13 09:40:00,GRASIM,2742.7,0.5045181,0,0.00010943413,1,1,0.43297872
2025-08-13 09:40:00,TECHM,1506.3,0.5045181,0,-0.0015269518,1,0,0.23297873
2025-08-14 09:35:00,NESTLEIND,1089.0,0.5045181,1,0.001285553,0,2,0.8148936
2025-08-14 09:35:00,HDFCLIFE,788.55,0.4729945,0,0.00012683868,0,2,0.8148936
2025-08-14 09:40:00,NESTLEIND,1089.1,0.4729945,0,-0.0005508661,0,2,0.83404255
2025-08-14 09:35:00,TECHM,1486.7,0.5045181,0,-0.0006726384,1,0,0.26489362
2025-08-14 09:35:00,M&M,3264.5,0.5327511,0,6.1273575e-05,0,0,0.41489363
2025-08-18 06:45:00,ONGC,225.65,0.48881614,1,0.0017726421,0,2,0.7510638
2025-08-18 03:45:00,TCS,3022.3,0.4729945,0,-9.930134e-05,0,2,0.7829787
2025-08-19 09:20:00,HEROMOTOCO,5119.0,0.48881614,0,-0.001054883,0,2,0.8595745
2025-08-19 09:30:00,MARUTI,14251.0,0.48598132,0,0.00014030933,0,2,0.8276596
2025-08-20 09:35:00,SBILIFE,1857.0,0.48881614,1,0.0028541088,0,2,0.7893617
2025-08-20 09:40:00,MARUTI,14211.0,0.5327511,1,0.00063335896,0,0,0.37659574
2025-08-21 07:15:00,TITAN,3615.8,0.4729945,0,-0.0008573532,0,2,0.8148936
2025-08-21 07:20:00,MARUTI,14255.0,0.4578564,0,-0.00035077333,0,2,0.8276596
2025-08-22 09:35:00,ULTRACEMCO,12584.0,0.5327511,0,-0.00031787157,1,0,0.1819149
2025-08-22 09:50:00,HINDUNILVR,2629.3,0.48881614,0,-0.0029284954,0,2,0.7382979
2025-08-25 09:45:00,M&M,3400.2,0.4729945,1,0.0003823042,0,2,0.7446809
2025-08-25 09:20:00,SUNPHARMA,1649.1,0.4729945,1,0.0050936937,0,2,0.7893617
2025-08-26 09:45:00,SBIN,807.1,0.5327511,1,0.00037181377,1,0,0.17553191
2025-08-26 09:35:00,SBILIFE,1816.2,0.5045181,0,-0.0012112856,0,0,0.35106382
2025-08-28 09:40:00,APOLLOHOSP,7727.5,0.5327511,0,-0.00019413233,1,0,0.16914894
2025-08-29 09:35:00,MARUTI,14796.0,0.48881614,1,0.00047314167,0,2,0.77021277
2025-08-29 09:35:00,BAJFINANCE,878.0,0.5327511,0,-0.0011389256,1,0,0.22021277
2025-09-01 09:45:00,SBIN,805.75,0.48881614,1,0.00031030178,0,2,0.8851064
2025-09-01 09:45:00,ADANIPORTS,1335.6,0.5045181,1,0.0055406094,0,2,0.8851064
2025-09-02 06:15:00,COALINDIA,373.7,0.4578564,1,0.0009365082,0,2,0.83404255
2025-09-02 07:15:00,BHARTIARTL,1897.8,0.4578564,0,-0.0014227629,0,2,0.87234044
2025-09-03 09:50:00,TITAN,3690.2,0.4729945,1,0.0013008118,0,2,0.8978723
2025-09-03 09:50:00,INDUSINDBK,767.85,0.4729945,0,-0.0047534704,0,2,0.8978723
2025-09-04 03:45:00,INDUSINDBK,765.35,0.5045181,0,-0.0011105537,1,0,0.34787235
2025-09-04 07:10:00,BAJAJFINSV,2015.0,0.4729945,1,0.004615426,0,2,0.76382977
2025-09-05 08:15:00,HEROMOTOCO,5372.5,0.44271818,1,0.0024197102,0,2,0.95531917
2025-09-08 03:45:00,RELIANCE,1376.6,0.4729945,1,0.0015255213,0,2,0.83404255
2025-09-08 03:45:00,COALINDIA,382.75,0.4578564,1,0.006009102,0,2,0.83404255
2025-09-09 09:50:00,WIPRO,242.8,0.5327511,1,0.020181179,0,2,0.8468085
2025-09-09 09:40:00,TECHM,1498.9,0.48881614,0,-0.0016012192,0,2,0.8212766
2025-09-10 08:50:00,APOLLOHOSP,7913.5,0.4729945,1,0.0008845329,0,2,0.77021277
2025-09-10 08:50:00,HINDUNILVR,2634.3,0.5327511,1,0.0012527704,1,0,0.22021277
2025-09-11 09:25:00,HDFCBANK,967.85,0.4578564,0,-0.000413239,0,2,0.87234044
2025-09-11 09:30:00,HDFCLIFE,774.3,0.45294726,0,-0.00025832653,1,0,0.30957448
2025-09-12 09:05:00,RELIANCE,1393.6,0.4578564,1,0.0007892847,0,2,0.7829787
2025-09-12 06:05:00,RELIANCE,1394.8,0.45294726,0,-7.176399e-05,0,2,0.8787234
2025-09-15 08:00:00,INDUSINDBK,741.25,0.4729945,0,-0.0014165044,0,2,0.8276596
2025-09-15 08:05:00,MARUTI,15300.0,0.4578564,1,0.00065362453,0,2,0.7893617
2025-09-16 09:45:00,BRITANNIA,6201.5,0.48881614,0,-0.013383865,0,2,0.8978723
2025-09-17 08:40:00,ULTRACEMCO,12644.0,0.5045181,1,0.0016608238,1,0,0.2138298
2025-09-17 08:35:00,ADANIENT,2325.2,0.48881614,1,0.0012472868,1,0,0.20744681
2025-09-18 09:30:00,UPL,698.9,0.48881614,0,-7.158518e-05,0,2,0.9170213
2025-09-18 09:30:00,BHARTIARTL,1942.3,0.46325168,0,-0.0013386607,0,2,0.9170213
2025-09-19 09:30:00,COALINDIA,383.75,0.4729945,1,0.0018241405,0,2,0.84042555
2025-09-19 06:35:00,DRREDDY,1319.5,0.4729945,0,0.00022745132,0,2,0.7510638
2025-09-22 09:40:00,BRITANNIA,6053.0,0.48881614,0,0.0002478361,0,2,0.7446809
2025-09-22 09:00:00,TATASTEEL,171.65,0.46325168,0,-0.005243182,0,2,0.7574468
2025-09-23 09:05:00,RELIANCE,1391.5,0.4729945,0,7.18832e-05,0,2,0.7829787
2025-09-23 09:05:00,MARUTI,16097.0,0.4729945,0,-0.00080758333,0,2,0.7829787
2025-09-24 09:45:00,CIPLA,1536.7,0.5045181,1,0.0022776127,0,0,0.33829787
2025-09-24 09:35:00,BAJAJ-AUTO,8842.0,0.4729945,0,-0.0016964674,1,0,0.17553191
2025-09-25 09:35:00,ADANIENT,2495.6,0.48881614,0,-0.0010017753,2,0,0.044680852
2025-09-25 07:25:00,ONGC,228.35,0.5045181,0,-0.00087589025,1,0,0.2393617
2025-09-26 07:15:00,BAJAJ-AUTO,8877.5,0.4578564,0,-0.00016897917,0,2,0.86595744
2025-09-26 09:25:00,HCLTECH,1395.9,0.4729945,0,-0.0004298091,1,2,0.60106385
2025-09-29 06:25:00,SBILIFE,1795.1,0.48881614,0,-5.567074e-05,0,2,0.71276593
2025-09-29 07:40:00,BRITANNIA,5904.5,0.4729945,0,-8.46982e-05,0,2,0.8978723
2025-09-30 09:35:00,DIVISLAB,5698.0,0.48881614,0,-0.0011407733,0,2,0.8595745
2025-09-30 09:15:00,ITC,393.2,0.4729945,1,0.00076293945,0,2,0.86595744
2025-10-01 09:25:00,HDFCBANK,965.05,0.48881614,0,-0.00010359287,0,2,0.9170213
2025-10-01 08:45:00,HINDALCO,765.85,0.48881614,1,0.0005875826,0,2,0.90425533
2025-10-03 09:30:00,WIPRO,234.9,0.48881614,0,-0.00021278858,0,2,0.9680851
2025-10-03 09:25:00,COALINDIA,372.6,0.4729945,1,0.0009393692,0,2,0.95531917
2025-10-06 08:35:00,BRITANNIA,5996.0,0.4578564,1,0.0014176369,0,2,0.87234044
2025-10-06 09:20:00,APOLLOHOSP,7659.5,0.4729945,1,0.0005222559,0,2,0.80851066
2025-10-07 09:35:00,SBIN,865.5,0.5327511,0,-0.0017331243,1,0,0.1819149
2025-10-07 09:30:00,SBIN,866.3,0.5045181,0,-0.0029435158,1,0,0.17553191
2025-10-08 09:30:00,ASIANPAINT,2330.2,0.49423394,0,-0.0010728836,0,2,0.76382977
2025-10-08 09:30:00,ITC,391.3,0.4729945,1,0.001150012,0,2,0.76382977
2025-10-09 09:45:00,BRITANNIA,5876.5,0.5327511,1,0.00740242,0,2,0.9297872
2025-10-09 09:45:00,SBILIFE,1809.8,0.5045181,1,0.007569909,0,2,0.9297872
2025-10-10 09:45:00,SUNPHARMA,1670.5,0.5045181,0,-0.0029332638,0,2,0.8148936
2025-10-10 09:45:00,BRITANNIA,5880.0,0.49423394,1,0.006377578,0,2,0.8148936
2025-10-13 07:25:00,NTPC,339.1,0.4729945,0,0.0,0,2,0.87234044
2025-10-13 09:50:00,DIVISLAB,6548.0,0.5327511,1,0.0009163618,1,0,0.22021277
2025-10-14 09:35:00,TATASTEEL,170.69,0.48881614,0,-0.0011131167,0,2,0.8851064
2025-10-14 09:35:00,HDFCLIFE,743.65,0.4729945,1,0.00040340424,0,2,0.8851064
2025-10-15 09:55:00,KOTAKBANK,429.5,0.48881614,1,0.008381844,0,2,0.8148936
2025-10-15 09:45:00,ASIANPAINT,2372.2,0.5327511,1,0.0030351877,1,0,0.26489362
2025-10-16 09:05:00,ADANIPORTS,1479.8,0.4729945,0,-0.00054067373,0,2,0.86595744
2025-10-16 09:05:00,TECHM,1463.8,0.4729945,0,0.0,0,2,0.86595744
2025-10-17 09:30:00,DIVISLAB,6621.0,0.49423394,0,-0.00037759542,0,2,0.8851064
2025-10-17 09:25:00,HINDALCO,773.1,0.4729945,1,0.00038814545,0,2,0.8851064
2025-10-20 09:35:00,NESTLEIND,1285.3,0.4578564,0,0.00015556812,0,2,0.7765958
2025-10-20 09:45:00,TCS,3011.8,0.4729945,1,0.0032206774,2,0,0.13404256
2025-10-21 08:40:00,ADANIENT,2471.8,0.4362336,1,0.0023869276,0,2,0.9234043
2025-10-21 08:40:00,AXISBANK,1234.2,0.44271818,1,0.002511859,0,2,0.9234043
2025-10-23 09:40:00,M&M,3617.6,0.4729945,1,0.0027365685,0,2,0.7510638
2025-10-23 09:40:00,SUNPHARMA,1686.7,0.49423394,1,0.0049208403,1,0,0.20106383
2025-10-24 09:55:00,COALINDIA,383.6,0.45294726,1,0.004822731,0,2,0.94893616
2025-10-24 07:00:00,CIPLA,1591.1,0.5045181,1,0.0019483566,1,0,0.32234043
2025-10-27 08:55:00,BAJAJ-AUTO,9100.0,0.4729945,0,-0.0005494356,0,2,0.8595745
2025-10-27 09:35:00,HINDALCO,840.9,0.4578564,0,-0.00047570467,0,2,0.7574468
2025-10-28 09:25:00,DRREDDY,1284.4,0.4578564,1,0.004437804,0,2,0.7446809
2025-10-28 09:50:00,INDUSINDBK,799.75,0.4578564,1,0.0040637255,0,2,0.98085105
2025-10-29 09:30:00,APOLLOHOSP,7853.5,0.4729945,1,0.00057303905,0,2,0.7893617
2025-10-29 09:35:00,APOLLOHOSP,7854.0,0.4729945,1,0.0008275509,0,2,0.76382977
2025-10-30 09:35:00,ULTRACEMCO,12040.0,0.48881614,1,0.0009967089,0,2,0.8276596
2025-10-30 09:35:00,DRREDDY,1200.6,0.4729945,1,0.0029984713,0,2,0.8276596
2025-10-31 09:10:00,TATASTEEL,183.04,0.4729945,0,-0.0009287596,0,2,0.79574466
2025-10-31 09:15:00,CIPLA,1505.0,0.5045181,0,-0.0028571486,1,0,0.2393617
2025-11-03 09:40:00,HINDUNILVR,2459.6,0.4729945,0,0.00016260147,0,2,0.7574468
2025-11-03 09:40:00,ASIANPAINT,2514.5,0.4578564,0,-0.0031815767,0,2,0.7574468
2025-11-04 09:55:00,CIPLA,1503.0,0.4729945,1,0.0031936169,0,2,0.8468085
2025-11-04 09:35:00,BAJFINANCE,1056.7,0.4729945,1,0.0003786087,0,2,0.7574468
2025-11-06 07:40:00,MARUTI,15423.0,0.48881614,1,0.0003889799,0,2,0.9361702
2025-11-06 09:45:00,KOTAKBANK,416.8,0.46325168,0,-0.007437587,0,2,0.76382977
2025-11-07 06:15:00,NTPC,324.95,0.44609407,1,0.0010770559,0,2,0.94893616
2025-11-07 06:25:00,CIPLA,1501.9,0.4578564,0,-0.00073236227,0,2,0.8851064
2025-11-10 09:05:00,SUNPHARMA,1698.5,0.4729945,0,-0.00011771917,0,2,0.8531915
2025-11-10 08:15:00,AXISBANK,1224.0,0.5327511,0,-0.0013888478,1,0,0.22659574
2025-11-11 08:20:00,BAJAJFINSV,1983.1,0.4578564,0,-0.0015631914,0,2,0.95531917
2025-11-11 09:10:00,JSWSTEEL,1197.0,0.5327511,0,-0.00016707182,1,2,0.7287234
2025-11-12 09:55:00,CIPLA,1521.0,0.4578564,1,0.0005259514,0,2,0.8148936
2025-11-12 07:25:00,BHARTIARTL,2069.2,0.4729945,1,0.0012081861,0,2,0.8148936
2025-11-13 09:45:00,TITAN,3836.0,0.4729945,0,-0.0007299185,0,2,0.72553194
2025-11-13 09:45:00,SBIN,953.5,0.5327511,1,0.0039328337,1,0,0.17553191
2025-11-14 08:10:00,BAJAJ-AUTO,8820.0,0.4729945,0,0.0,0,2,0.76382977
2025-11-14 08:30:00,BRITANNIA,5790.0,0.4729945,1,0.0008635521,0,2,0.72553194
2025-11-17 08:40:00,SUNPHARMA,1763.1,0.4729945,0,-0.0006238818,0,2,0.8851064
2025-11-17 08:50:00,MARUTI,15881.0,0.4578564,0,0.00012588501,0,2,0.80851066
2025-11-18 09:50:00,DRREDDY,1244.3,0.4729945,1,0.00056254864,0,2,0.72553194
2025-11-18 09:50:00,TATASTEEL,172.37,0.5045181,1,0.003597021,0,0,0.32553193
2025-11-19 09:30:00,HDFCLIFE,761.95,0.4578564,0,-0.0015093088,0,2,0.80851066
2025-11-19 09:35:00,INFY,1540.3,0.4729945,1,0.0006492138,0,2,0.8276596
2025-11-20 09:55:00,ASIANPAINT,2860.0,0.4729945,1,0.0027621984,0,2,0.80212766
2025-11-20 08:55:00,HINDUNILVR,2430.3,0.5327511,0,-0.0010698438,1,0,0.31595746
2025-11-21 09:30:00,HDFCBANK,998.3,0.5045181,0,-0.00070118904,0,0,0.31914893
2025-11-21 09:45:00,TITAN,3902.0,0.48881614,1,0.0053049326,1,0,0.15638298
2025-11-24 09:30:00,ADANIENT,2395.1,0.48881614,1,0.0027973652,1,0,0.2393617
2025-11-24 09:25:00,BRITANNIA,5810.5,0.48881614,1,0.0012047291,1,0,0.20744681
2025-11-25 09:40:00,TATASTEEL,166.25,0.4729945,0,-0.0005413294,0,2,0.72553194
2025-11-25 09:40:00,SHREECEM,26455.0,0.4729945,1,0.0018899441,2,0,0.025531916
2025-11-26 09:55:00,WIPRO,243.8,0.4729945,1,0.0014355183,0,2,0.87234044
2025-11-26 09:45:00,COALINDIA,377.3,0.4729945,1,0.0030480623,0,2,0.8978723
2025-11-27 09:30:00,HEROMOTOCO,6149.0,0.4729945,0,0.00016260147,0,2,0.79574466
2025-11-27 09:55:00,TECHM,1506.0,0.5327511,1,0.0058432817,0,1,0.6595745
2025-11-28 09:55:00,POWERGRID,270.0,0.4729945,1,0.0037037134,0,2,0.8212766
2025-11-28 09:55:00,BAJFINANCE,1038.0,0.4729945,0,-0.0027938485,0,2,0.8212766
2025-12-01 08:10:00,SHREECEM,26395.0,0.4729945,1,0.0013259649,0,2,0.8148936
2025-12-01 08:10:00,BAJFINANCE,1024.5,0.4729945,0,-0.0038067698,0,2,0.8148936
2025-12-02 09:30:00,RELIANCE,1545.5,0.4729945,1,0.001294136,0,2,0.7510638
2025-12-02 09:15:00,HEROMOTOCO,6271.0,0.4729945,0,7.9751015e-05,0,2,0.76382977
2025-12-03 09:50:00,COALINDIA,375.15,0.48881614,0,-0.0007996559,0,2,0.8978723
2025-12-03 09:55:00,APOLLOHOSP,7180.0,0.4729945,0,-0.0016713142,0,2,0.87234044
2025-12-04 09:50:00,ASIANPAINT,2957.0,0.4729945,1,0.00016903877,0,2,0.9361702
2025-12-04 03:45:00,ADANIENT,2189.0,0.4578564,1,0.0073093176,0,2,0.8787234
2025-12-05 09:50:00,BAJFINANCE,1047.0,0.5327511,0,-0.007640898,1,0,0.33510637
2025-12-05 09:25:00,DRREDDY,1272.0,0.5045181,1,0.0014151335,1,0,0.20744681
2025-12-08 06:35:00,ITC,396.2,0.49423394,1,0.0010095835,0,2,0.7319149
2025-12-08 08:10:00,GRASIM,2734.3,0.5045181,1,0.0004388094,1,0,0.15638298
2025-12-09 09:55:00,KOTAKBANK,426.4,0.48881614,1,0.004455924,0,2,0.7893617
2025-12-09 09:40:00,SBILIFE,2006.0,0.48881614,0,-0.0019441843,0,2,0.7829787
2025-12-10 05:40:00,HDFCBANK,993.2,0.49423394,0,-0.0022150874,0,0,0.32553193
2025-12-10 08:55:00,LT,3989.9,0.48881614,0,-0.00077694654,1,0,0.16914894
2025-12-11 09:20:00,TITAN,3846.0,0.48881614,1,0.00054609776,0,2,0.7574468
2025-12-11 09:15:00,SBIN,960.75,0.5327511,1,0.0026541948,1,0,0.25212768
2025-12-12 09:40:00,ICICIBANK,1366.1,0.4578564,0,0.0,0,2,0.86595744
2025-12-12 08:45:00,KOTAKBANK,436.3,0.5327511,1,0.00022923946,1,2,0.77340424
2025-12-15 09:20:00,EICHERMOT,7117.0,0.48881614,1,0.00035130978,0,2,0.8531915
2025-12-15 09:35:00,WIPRO,254.8,0.4729945,1,0.0013736486,0,2,0.8531915
2025-12-16 09:05:00,SUNPHARMA,1784.0,0.49423394,1,0.00039231777,1,0,0.16276596
2025-12-16 09:45:00,ADANIENT,2245.0,0.49423394,1,0.00035631657,1,1,0.4648936
2025-12-17 09:30:00,ADANIPORTS,1486.1,0.4578564,0,-0.00020182133,0,2,0.84042555
2025-12-17 09:30:00,ICICIBANK,1351.9,0.4578564,0,-0.00044381618,0,2,0.84042555
2025-12-18 09:45:00,HCLTECH,1661.1,0.46325168,1,0.0041538477,0,2,0.8978723
2025-12-18 09:40:00,HCLTECH,1661.6,0.4729945,1,0.00084257126,0,2,0.8978723
2025-12-19 09:25:00,NTPC,318.65,0.48881614,1,0.00392282,0,2,0.84042555
2025-12-19 09:50:00,NESTLEIND,1244.9,0.4729945,1,0.0012049675,0,2,0.87234044
2025-12-22 09:50:00,INDUSINDBK,855.75,0.5327511,1,0.0014606714,1,0,0.2968085
2025-12-22 07:35:00,SHREECEM,25685.0,0.5327511,1,0.0005840063,1,0,0.25851065
2025-12-23 09:50:00,BAJAJ-AUTO,9080.0,0.5327511,1,0.004130006,1,0,0.22021277
2025-12-23 08:55:00,ASIANPAINT,2815.9,0.4578564,0,-0.0036222935,0,2,0.90425533
2025-12-24 06:35:00,ADANIPORTS,1506.3,0.48881614,0,-6.645918e-05,0,2,0.76382977
2025-12-24 09:50:00,ONGC,228.4,0.4729945,1,0.00021886826,0,2,0.79574466
2025-12-26 09:25:00,HINDALCO,871.35,0.4729945,1,0.0033855438,0,2,0.7382979
2025-12-26 09:50:00,HEROMOTOCO,5636.0,0.4729945,0,-0.00088715553,0,2,0.84042555
2025-12-29 03:45:00,TITAN,3994.9,0.45294726,1,0.0012265444,0,2,0.84042555
2025-12-29 09:15:00,DIVISLAB,6397.0,0.48881614,0,-0.0007815957,0,0,0.35744682
2025-12-30 08:35:00,GRASIM,2848.4,0.48881614,0,-0.00021058321,0,2,0.9361702
2025-12-30 09:45:00,UPL,786.7,0.48881614,1,0.00076270103,0,2,0.8595745
2025-12-31 09:55:00,EICHERMOT,7314.0,0.4729945,0,-0.0024610162,0,2,0.8148936
2025-12-31 09:55:00,ITC,394.45,0.5045181,0,-0.03714037,0,0,0.41489363
2026-01-02 09:10:00,BRITANNIA,5975.0,0.48881614,1,0.00066947937,0,2,0.8148936
2026-01-02 09:55:00,BAJAJFINSV,2039.5,0.4729945,0,-0.0022554398,0,2,0.9425532
2026-01-02 09:55:00,MARUTI,16970.0,0.4729945,1,0.005303502,0,2,0.9425532
2026-01-02 09:40:00,HINDALCO,925.35,0.49423394,1,0.0012427568,0,2,0.87234044
2026-01-02 09:05:00,TECHM,1608.0,0.5327511,1,0.0020523071,1,0,0.25212768
2026-01-05 08:20:00,TCS,3227.5,0.4729945,0,-0.00055772066,0,2,0.7510638
2026-01-05 09:10:00,EICHERMOT,7492.5,0.4729945,1,0.000800848,0,2,0.7446809
2026-01-05 08:20:00,HINDUNILVR,2378.0,0.5045181,0,-0.0020185113,0,0,0.35106382
2026-01-05 08:25:00,COALINDIA,425.9,0.5045181,0,0.0,0,0,0.3638298
2026-01-05 08:35:00,ADANIENT,2278.8,0.4729945,1,0.0016236305,0,0,0.33829787
2026-01-06 08:30:00,NTPC,349.7,0.45294726,1,0.001000762,0,2,0.8212766
2026-01-06 08:25:00,TATASTEEL,186.7,0.49423394,0,-0.0016068816,2,0,0.102127664
2026-01-06 08:35:00,INDUSINDBK,916.0,0.5045181,0,-0.0017467141,1,0,0.26489362
2026-01-06 08:40:00,HDFCBANK,962.95,0.4729945,0,-0.0009865761,1,1,0.4393617
2026-01-06 08:30:00,ULTRACEMCO,12200.0,0.4729945,0,-0.0016393661,1,0,0.2712766
2026-01-07 09:45:00,EICHERMOT,7576.0,0.4729945,1,0.00085794926,0,2,0.95531917
2026-01-07 09:50:00,HDFCLIFE,771.8,0.49423394,0,-0.011337161,0,2,0.90425533
2026-01-07 09:40:00,EICHERMOT,7582.0,0.49423394,0,-0.00039565563,0,2,0.9361702
2026-01-08 09:00:00,HDFCBANK,949.9,0.4729945,0,-0.00084227324,0,2,0.7574468
2026-01-08 09:25:00,SBILIFE,2084.3,0.4578564,0,-0.0004797578,0,2,0.8914894
2026-01-08 06:15:00,HCLTECH,1646.7,0.48881614,0,-0.0009109378,1,0,0.20106383
2026-01-08 06:20:00,WIPRO,258.35,0.5045181,0,-0.0015482903,1,0,0.20106383
2026-01-08 06:30:00,KOTAKBANK,424.2,0.5045181,1,0.001885891,1,1,0.38191488
2026-01-09 08:15:00,SBIN,998.1,0.5327511,1,0.00030064583,1,0,0.24574469
2026-01-09 09:50:00,ONGC,228.55,0.4729945,0,-0.004375398,0,2,0.83404255
2026-01-09 09:55:00,APOLLOHOSP,7255.0,0.46325168,0,-0.018883526,0,2,0.8468085
2026-01-13 09:35:00,ADANIENT,2162.0,0.4729945,0,-0.0022663474,0,2,0.95531917
2026-01-13 09:45:00,WIPRO,257.5,0.4729945,0,-0.0069903135,0,2,0.95531917
2026-01-13 09:45:00,TATASTEEL,182.5,0.4729945,0,-0.00027400255,0,2,0.95531917
2026-01-13 09:40:00,TITAN,4238.0,0.5045181,0,-0.0010617971,1,2,0.81808513
2026-01-14 09:15:00,ITC,328.05,0.49423394,0,-0.0006096363,0,2,0.83404255
2026-01-14 09:40:00,M&M,3650.0,0.4729945,0,-0.0009589195,0,2,0.8595745
2026-01-14 09:15:00,RELIANCE,1461.2,0.4729945,0,-0.00027370453,0,2,0.83404255
2026-01-14 04:35:00,NESTLEIND,1324.5,0.4729945,0,-0.0041525364,0,2,0.8212766
2026-01-14 04:40:00,NESTLEIND,1324.4,0.4578564,0,-0.0045303702,0,2,0.7893617
2026-01-16 09:50:00,HINDUNILVR,2361.0,0.49423394,1,0.01266408,0,2,0.8595745
2026-01-16 09:45:00,ULTRACEMCO,12385.0,0.48881614,0,-0.005006075,0,2,0.87234044
2026-01-16 09:50:00,HCLTECH,1698.7,0.48881614,0,-0.0020014644,0,2,0.8595745
2026-01-16 09:35:00,M&M,3657.1,0.5327511,1,0.00038278103,1,0,0.32234043
2026-01-16 09:45:00,COALINDIA,431.05,0.4729945,0,0.0,0,2,0.87234044
2026-01-19 03:45:00,COALINDIA,431.05,0.4729945,0,-0.0008119345,0,2,0.84042555
2026-01-19 03:45:00,ASIANPAINT,2757.0,0.45294726,1,0.0032280684,0,2,0.84042555
2026-01-19 08:30:00,UPL,789.95,0.48881614,0,-0.0009494424,0,1,0.6851064
2026-01-19 08:25:00,SHREECEM,27595.0,0.48881614,0,-0.0007247925,0,0,0.49148938
2026-01-19 09:35:00,BRITANNIA,5942.5,0.48881614,0,-0.0011779666,1,1,0.5223404
2026-01-20 06:50:00,AXISBANK,1305.1,0.49423394,0,-0.00061291456,0,2,0.7319149
2026-01-20 09:35:00,ULTRACEMCO,12100.0,0.5045181,0,-0.0066115856,2,0,0.006382979
2026-01-20 09:10:00,BHARTIARTL,2008.4,0.5045181,0,-0.0021908283,1,0,0.24574469
2026-01-21 07:40:00,EICHERMOT,7112.5,0.4578564,1,0.003163457,0,2,0.95531917
2026-01-21 09:20:00,SBIN,1028.95,0.44609407,0,-0.00019431114,0,2,0.8276596
2026-01-21 09:10:00,CIPLA,1369.8,0.4578564,0,0.00014591217,0,2,0.7893617
2026-01-21 05:35:00,ASIANPAINT,2665.3,0.45294726,1,0.0012005568,0,2,0.71276593
2026-01-21 07:40:00,BAJAJFINSV,1965.3,0.4729945,0,0.00025439262,0,1,0.7553192
2026-01-22 09:25:00,TITAN,4010.9,0.4729945,1,0.00231874,0,2,0.9361702
2026-01-22 09:35:00,DIVISLAB,6068.5,0.4729945,1,0.0017302036,0,2,0.8914894
2026-01-22 08:45:00,HCLTECH,1692.4,0.5327511,1,0.005613327,0,0,0.38297874
2026-01-22 09:05:00,INDUSINDBK,901.3,0.4578564,0,-0.0038278103,0,2,0.80212766
2026-01-22 09:35:00,BRITANNIA,5927.5,0.5045181,1,0.0016026497,1,0,0.34148937
2026-01-23 08:00:00,ADANIPORTS,1337.7,0.44609407,0,-0.005382359,2,0,0.006382979
2026-01-27 09:30:00,ONGC,242.3,0.4578564,0,0.0,0,2,0.95531917
2026-01-27 09:35:00,DRREDDY,1240.4,0.4729945,0,-0.00032252073,0,2,0.94893616
2026-01-27 09:50:00,LT,3789.0,0.46325168,1,0.0070466995,0,2,0.9425532
2026-01-27 03:45:00,MARUTI,15288.0,0.4578564,0,-0.010792792,2,0,0.063829795
2026-01-27 09:35:00,UPL,713.9,0.49423394,1,0.008054376,2,2,0.6489362
2026-01-28 09:45:00,BRITANNIA,5749.0,0.48881614,0,-0.005740106,0,2,0.95531917
2026-01-28 09:40:00,RELIANCE,1396.1,0.4729945,1,0.0017191172,0,2,0.96170217
2026-01-28 09:45:00,AXISBANK,1318.8,0.5045181,0,-0.0026539564,0,2,0.95531917
2026-01-28 09:10:00,INDUSINDBK,896.5,0.4729945,1,0.0039041042,0,2,0.80212766
2026-01-28 08:15:00,BRITANNIA,5752.0,0.4729945,1,0.00026082993,0,2,0.7446809
2026-01-29 09:55:00,BAJAJ-AUTO,9512.5,0.5045181,0,-0.0049934387,0,2,0.79574466
2026-01-29 08:40:00,BRITANNIA,5721.5,0.4578564,0,8.738041e-05,0,2,0.8851064
2026-01-29 08:55:00,WIPRO,240.45,0.45294726,1,0.0008317232,0,2,0.7893617
2026-01-29 08:10:00,TCS,3140.0,0.49423394,0,-0.00025480986,1,2,0.75425535
2026-01-29 08:55:00,UPL,714.5,0.5045181,1,0.002449274,1,0,0.2393617
2026-01-30 09:40:00,HEROMOTOCO,5529.0,0.49423394,1,0.0021703243,0,2,0.83404255
2026-01-30 09:15:00,HCLTECH,1702.5,0.48598132,0,-0.0022907853,0,2,0.8276596
2026-01-30 07:00:00,AXISBANK,1376.4,0.4729945,0,-0.0030515194,0,2,0.8595745
2026-01-30 09:40:00,TATASTEEL,193.25,0.4578564,0,-0.00336349,0,2,0.83404255
2026-01-30 06:50:00,HDFCBANK,934.15,0.5045181,0,-0.001124084,1,1,0.47765958
2026-02-01 09:50:00,NESTLEIND,1269.0,0.5327511,1,0.0081954,1,0,0.16914894
2026-02-01 07:05:00,ITC,308.55,0.5045181,0,-0.006968081,1,0,0.16276596
2026-02-01 09:40:00,TATASTEEL,184.73,0.5327511,1,0.00579226,1,0,0.16914894
2026-02-01 09:45:00,ASIANPAINT,2350.2,0.5327511,1,0.015828371,1,0,0.1819149
2026-02-01 09:55:00,SBILIFE,1977.0,0.49423394,0,-0.0037430525,1,0,0.16276596
2026-02-02 09:55:00,RELIANCE,1387.5,0.4729945,1,0.041585565,0,2,0.98723406
2026-02-02 09:50:00,M&M,3459.5,0.4729945,1,0.04006362,0,2,1.0
2026-02-02 09:25:00,SUNPHARMA,1624.0,0.48881614,1,0.0036945343,0,2,0.9234043
2026-02-02 09:25:00,SBIN,1025.5,0.4729945,1,0.0035104752,0,2,0.9234043
2026-02-02 07:50:00,BAJAJFINSV,1915.0,0.48881614,1,0.0023498535,0,2,0.86595744
2026-02-03 09:25:00,ADANIENT,2197.9,0.44271818,1,0.0021384954,2,0,0.082978725
2026-02-04 09:35:00,ITC,313.8,0.48881614,0,-0.00015932322,0,2,0.7893617
2026-02-04 09:30:00,KOTAKBANK,413.05,0.4729945,0,-0.002663076,0,2,0.7829787
2026-02-04 09:30:00,NESTLEIND,1304.6,0.5045181,0,-0.0009964108,1,0,0.23297873
2026-02-04 09:30:00,ICICIBANK,1408.7,0.5045181,0,7.104874e-05,1,1,0.43297872
2026-02-04 09:35:00,BHARTIARTL,2026.5,0.5045181,0,-0.0017271042,1,0,0.2393617
2026-02-05 08:00:00,INDUSINDBK,904.9,0.4729945,0,0.00011050701,0,2,0.84042555
2026-02-05 09:40:00,APOLLOHOSP,7119.5,0.4578564,1,0.0007724762,0,2,0.8787234
2026-02-06 09:40:00,ADANIENT,2227.1,0.4729945,0,-0.002379775,0,2,0.9680851
2026-02-06 09:50:00,BAJFINANCE,982.05,0.4729945,0,-0.0060077906,0,2,0.9744681
2026-02-09 09:35:00,KOTAKBANK,428.95,0.49423394,0,-0.0022147298,0,2,0.84042555
2026-02-09 09:35:00,DIVISLAB,6106.0,0.5327511,1,0.0013921261,1,0,0.29042554
2026-02-10 09:30:00,LT,4167.3,0.4729945,1,0.0010318756,0,2,0.80212766
2026-02-10 09:45:00,BAJFINANCE,964.85,0.5327511,1,0.0024356842,0,0,0.46595746
2026-02-11 09:50:00,EICHERMOT,7767.0,0.49423394,1,0.0076606274,0,2,0.8531915
2026-02-11 09:50:00,ULTRACEMCO,12968.0,0.4729945,0,-0.0021591783,0,2,0.8531915
2026-02-12 07:55:00,ULTRACEMCO,13016.0,0.4729945,1,0.0015366077,0,2,0.8148936
2026-02-12 07:55:00,AXISBANK,1339.9,0.4729945,1,0.00067174435,0,2,0.8148936
2026-02-13 09:45:00,BAJFINANCE,1019.0,0.4729945,1,0.0012757778,0,2,0.76382977
2026-02-13 09:45:00,COALINDIA,409.1,0.4729945,1,0.007699847,0,2,0.76382977
2026-02-16 09:25:00,EICHERMOT,7997.0,0.4578564,1,0.0026259422,0,2,0.9297872
2026-02-16 09:50:00,ADANIENT,2182.5,0.4729945,0,-0.004627764,0,2,0.9170213
2026-02-17 08:00:00,LT,4250.0,0.48881614,0,-0.00051766634,0,2,0.8468085
2026-02-17 09:05:00,HEROMOTOCO,5562.0,0.48881614,1,0.00071918964,0,2,0.7446809
2026-02-18 08:25:00,HINDUNILVR,2321.2,0.4578564,1,0.0018525124,0,2,0.7510638
2026-02-18 04:15:00,BAJAJFINSV,2056.3,0.4578564,0,0.00019443035,0,2,0.8851064
2026-02-19 09:15:00,JSWSTEEL,1227.4,0.49423394,1,0.0029330254,1,0,0.15638298
2026-02-19 09:50:00,TECHM,1476.1,0.5045181,0,-0.014429867,0,0,0.31276596
2026-02-20 09:55:00,ONGC,278.3,0.48881614,0,-0.01814586,0,2,0.76382977
2026-02-23 08:05:00,RELIANCE,1421.8,0.5327511,0,-0.0007033348,1,0,0.25212768
2026-02-23 09:45:00,AXISBANK,1386.8,0.4578564,1,0.0012258291,0,2,0.90425533
2026-02-24 09:35:00,UPL,629.65,0.5327511,1,0.0023027658,0,2,0.86595744
2026-02-24 09:35:00,INDUSINDBK,930.45,0.49423394,1,0.0031167269,0,2,0.86595744
2026-02-25 09:55:00,NESTLEIND,1322.4,0.48881614,0,-0.00022691488,0,2,0.9106383
2026-02-25 09:45:00,WIPRO,201.81,0.5327511,1,0.010950923,1,0,0.36702126
2026-02-26 09:35:00,HCLTECH,1373.6,0.49423394,0,-0.00043678284,0,2,0.96170217
2026-02-26 09:30:00,DRREDDY,1317.8,0.4729945,1,0.0006828308,0,2,0.96170217
2026-02-27 08:35:00,LT,4291.2,0.49423394,1,0.00013971329,0,2,0.90425533
2026-02-27 08:45:00,UPL,641.2,0.49423394,0,-0.0021054745,1,2,0.74787235
2026-03-02 09:40:00,HCLTECH,1373.9,0.49423394,0,-0.0022563338,0,2,0.9425532
2026-03-02 09:30:00,BHARTIARTL,1874.8,0.5045181,1,0.0017068386,1,1,0.5925532
2026-03-04 09:35:00,AXISBANK,1350.6,0.4729945,0,-7.402897e-05,0,2,0.84042555
2026-03-04 08:30:00,NESTLEIND,1252.1,0.4729945,1,0.0041531324,0,2,0.8276596
2026-03-05 09:50:00,BAJAJFINSV,1910.3,0.4578564,0,-0.0060200095,0,2,0.9425532
2026-03-05 09:35:00,TECHM,1332.8,0.4578564,0,0.00014996529,0,2,0.9744681
2026-03-06 08:15:00,EICHERMOT,7624.5,0.5045181,1,0.000983715,1,0,0.25212768
2026-03-06 09:50:00,BRITANNIA,5985.0,0.49423394,0,-0.017543852,1,0,0.15
2026-03-10 09:35:00,SUNPHARMA,1813.2,0.4578564,1,0.00066185,0,2,0.8468085
2026-03-10 03:45:00,RELIANCE,1401.7,0.5045181,1,0.0023542643,2,0,0.16595745
2026-03-11 06:45:00,ONGC,271.8,0.4578564,0,-0.00018393993,0,2,0.79574466
2026-03-11 04:15:00,JSWSTEEL,1203.7,0.5045181,0,-0.00398767,1,0,0.2712766
2026-03-12 09:20:00,MARUTI,13019.0,0.5045181,1,0.0022275448,1,0,0.17553191
2026-03-12 05:50:00,NTPC,384.95,0.49423394,1,0.0032471418,1,1,0.5095745
2026-03-13 09:55:00,WIPRO,197.75,0.49423394,0,-0.0025789738,0,2,0.7574468
2026-03-13 09:50:00,INDUSINDBK,813.7,0.4729945,1,0.0043628216,0,2,0.7510638
2026-03-13 07:05:00,WIPRO,197.7,0.49423394,1,0.00080931187,2,0,0.0
2026-03-13 09:20:00,WIPRO,197.29,0.48881614,1,0.0010644197,0,2,0.87234044
2026-03-13 07:15:00,MARUTI,12615.0,0.5045181,0,-0.0030915737,1,0,0.15
2026-03-16 09:15:00,SBILIFE,1909.5,0.46325168,0,0.00015711784,0,2,1.0
2026-03-16 06:10:00,TECHM,1328.2,0.49423394,1,0.0014305115,0,2,0.9234043
2026-03-16 07:30:00,HDFCLIFE,626.2,0.4578564,1,0.001357317,0,2,0.7382979
2026-03-16 03:45:00,POWERGRID,300.95,0.4729945,0,-0.0013291836,0,2,0.7765958
2026-03-16 07:35:00,NESTLEIND,1198.6,0.5045181,1,0.0034205914,0,0,0.3319149
2026-03-17 08:55:00,TITAN,4087.9,0.46325168,1,0.0021528006,0,2,0.8595745
2026-03-17 07:40:00,SBILIFE,1922.2,0.4578564,0,-0.0013005733,0,2,0.9744681
2026-03-17 09:05:00,MARUTI,12962.0,0.4578564,1,0.004320264,0,2,0.87234044
2026-03-17 09:50:00,HDFCLIFE,642.0,0.4578564,1,0.001791358,2,0,0.089361705
2026-03-17 07:55:00,DIVISLAB,6094.5,0.4578564,0,-0.0013946891,0,2,0.9744681
2026-03-18 09:40:00,BAJAJ-AUTO,9278.0,0.4729945,0,-0.005281329,0,2,0.7829787
2026-03-18 09:50:00,NESTLEIND,1203.7,0.5327511,0,-0.014621556,1,1,0.40106383
2026-03-20 07:10:00,HEROMOTOCO,5280.5,0.44271818,0,-0.0019884706,2,0,0.025531916
2026-03-23 09:50:00,CIPLA,1220.1,0.5045181,1,0.012703896,2,0,0.012765958
2026-03-23 09:40:00,SUNPHARMA,1759.6,0.48881614,0,-0.0071038604,1,0,0.18829787
2026-03-23 08:35:00,MARUTI,12416.0,0.4578564,0,-0.0003221631,0,2,0.98085105
2026-03-23 09:35:00,WIPRO,187.39,0.4729945,1,0.0013340712,1,0,0.17553191
2026-03-23 09:45:00,ONGC,264.9,0.4578564,1,0.015477538,2,0,0.025531916
2026-03-24 07:20:00,BAJAJ-AUTO,9002.0,0.45294726,0,-0.0056654215,0,2,0.96170217
2026-03-24 08:20:00,SHREECEM,23315.0,0.44609407,1,0.0025734901,0,2,0.8531915
2026-03-24 09:30:00,MARUTI,12439.0,0.5045181,1,0.0020902157,1,0,0.16276596
2026-03-24 08:40:00,GRASIM,2584.8,0.48881614,0,-0.00251472,1,1,0.3755319
2026-03-24 07:20:00,UPL,621.0,0.5045181,0,-0.0052334666,1,2,0.81170213
2026-03-25 08:40:00,NESTLEIND,1214.3,0.4729945,0,-0.004941106,0,2,0.8212766
2026-03-25 08:40:00,HDFCLIFE,612.95,0.45294726,1,0.00040781498,0,2,0.8212766
2026-03-25 07:40:00,UPL,622.25,0.5045181,1,0.0034552813,1,0,0.20106383
2026-03-25 06:00:00,ASIANPAINT,2281.0,0.45294726,0,8.761883e-05,0,2,0.8595745
2026-03-25 08:55:00,HINDUNILVR,2135.1,0.49423394,1,0.0023418665,1,0,0.17553191
2026-03-27 08:05:00,CIPLA,1236.7,0.5327511,1,0.0014555454,1,0,0.2393617
2026-03-27 07:10:00,LT,3582.9,0.49423394,1,0.0005861521,1,2,0.6840426
2026-03-27 09:40:00,JSWSTEEL,1128.8,0.49423394,1,0.0011515617,0,0,0.35744682
2026-03-27 07:10:00,NESTLEIND,1212.7,0.5045181,0,-8.2433224e-05,1,2,0.6840426
2026-03-27 09:35:00,EICHERMOT,6818.0,0.4729945,0,-0.0026400685,0,0,0.3638298
